Frame ID,ArUco ID,Left-Up X,Left-Up Y,Right-Up X,Right-Up Y,Right-Down X,Right-Down Y,Left-Down X,Left-Down Y,Distance,Yaw,Pitch,Roll
274,0,408.0,63.0,467.0,59.0,472.0,119.0,415.0,123.0,0.6448816778979365,-0.050705581915330096,0.048088266881897795,-2.511206234389603
275,0,412.0,31.0,470.0,27.0,473.0,86.0,415.0,90.0,0.6545805914455888,-0.04847694310563061,0.046564787346578866,-3.10952951930474
288,0,228.0,27.0,288.0,23.0,294.0,83.0,236.0,87.0,0.6831590646547858,-0.09793409265069508,-0.06743481681801285,-3.0441110371833675
289,0,122.0,12.0,187.0,8.0,195.0,68.0,131.0,74.0,0.6734623852698092,-0.14191333738147124,-0.13278258829541031,3.1321036696327287
309,0,681.0,56.0,746.0,55.0,745.0,118.0,681.0,117.0,0.6213232359155683,0.02270852637716703,0.06163943504592964,3.0924158548864784
317,1,615.0,84.0,640.0,88.0,637.0,114.0,611.0,112.0,1.4627004666244618,0.09227494908859403,-0.06889939724575052,-2.991390381733953
318,1,672.0,99.0,698.0,103.0,694.0,129.0,669.0,126.0,1.4697537581882398,0.11182717110706637,-0.06315867549439666,-3.077413033128878
319,1,702.0,120.0,727.0,122.0,724.0,149.0,698.0,146.0,1.497674157467332,0.09362658276788174,-0.01263486164473363,-3.017844207318411
320,1,705.0,120.0,732.0,123.0,728.0,151.0,702.0,151.0,1.3670238857834294,0.004135115602841388,-0.15382451554191426,-2.8922696590888624
321,1,712.0,116.0,740.0,118.0,736.0,147.0,708.0,144.0,1.4001770022720845,0.2837349971151152,0.49800876880870976,-2.5392799008115463
322,1,737.0,115.0,765.0,116.0,762.0,145.0,735.0,143.0,1.4141077347331608,0.3192877362170899,0.641945399817761,-2.4843377484777913
323,1,752.0,111.0,781.0,113.0,778.0,142.0,750.0,141.0,1.3756791138406441,0.04508043099070032,-0.02063444123087294,-3.042417143788189
324,1,725.0,92.0,752.0,93.0,750.0,123.0,721.0,123.0,1.3647255240940126,-0.007400218892056482,-0.07394224131316829,-2.890376628525813
325,1,688.0,106.0,714.0,107.0,712.0,136.0,684.0,136.0,1.379412225637605,-0.013546214891051062,-0.09792405066192414,-2.8485527536030832
326,1,658.0,88.0,686.0,90.0,684.0,121.0,656.0,119.0,1.2911201965963877,0.006032738821059628,-0.16843416024841845,-3.001072603049608
327,1,657.0,92.0,686.0,94.0,683.0,124.0,654.0,123.0,1.319712239042421,0.04879005491895906,-0.01008028461380272,-2.9466891219809805
328,1,669.0,80.0,699.0,82.0,696.0,114.0,667.0,113.0,1.2544766087227959,0.00024595491871987686,-0.12844078698118416,-2.945251916723765
329,1,663.0,75.0,694.0,77.0,691.0,109.0,661.0,108.0,1.248360129472535,0.026009799027845015,-0.058143602556821626,-2.97863766211732
330,1,643.0,73.0,674.0,76.0,671.0,109.0,640.0,107.0,1.201974093575,0.03791510142857247,-0.10659028663676344,-2.9852693096982548
331,1,664.0,73.0,696.0,76.0,693.0,108.0,661.0,107.0,1.211196951153722,0.06393439316333473,6.473858591987944e-05,-3.039918657816142
332,1,676.0,75.0,709.0,78.0,704.0,113.0,673.0,111.0,1.1580896589436527,0.024384616751794142,-0.13012503632479644,-2.9143454886915117
333,1,674.0,83.0,707.0,85.0,704.0,121.0,671.0,119.0,1.1274207124764086,0.017607517511261158,-0.1109281803504725,-2.969255698478539
334,1,663.0,73.0,697.0,75.0,695.0,112.0,660.0,110.0,1.0896660546784234,0.022854983684516838,-0.08952821361649668,-3.015191674244724
335,1,648.0,99.0,684.0,100.0,682.0,139.0,647.0,138.0,1.0195497108972413,-0.02586049087168185,-0.1506326772906641,-2.9801739021451428
336,1,676.0,98.0,714.0,99.0,712.0,137.0,674.0,137.0,1.0271521948910596,0.029190314330487094,0.04309745514056378,-3.05259885571094
337,1,676.0,98.0,714.0,99.0,712.0,137.0,674.0,137.0,1.0271521948910596,0.029190314330487094,0.04309745514056378,-3.05259885571094
338,1,703.0,120.0,742.0,124.0,739.0,165.0,700.0,163.0,0.9368282276991053,0.03336362955684548,-0.13054456709343007,-3.058525434756721
339,1,713.0,117.0,755.0,120.0,752.0,163.0,710.0,161.0,0.9063396994883572,0.04389971601650703,-0.04779272954157467,-3.0781170255579955
340,1,732.0,109.0,777.0,111.0,773.0,157.0,730.0,155.0,0.8741739441835684,0.02784302224134989,-0.0479726153472116,-3.049421361553812
341,1,732.0,122.0,777.0,124.0,774.0,171.0,730.0,169.0,0.8477787528695006,0.018799842288132643,-0.07910767276078823,-3.064496413381022
342,1,759.0,103.0,807.0,104.0,805.0,156.0,757.0,155.0,0.7875568406742062,-0.01452578564058826,-0.10429159532898022,-3.0402514414786324
343,1,769.0,123.0,820.0,125.0,819.0,175.0,768.0,176.0,0.7765576733854015,0.006924010376830721,-0.013020595153236145,-3.116549887758363
344,1,806.0,102.0,862.0,102.0,862.0,160.0,806.0,160.0,0.7107856753555374,-0.015796323456605064,-0.04823553501239136,-3.113048529334571
345,1,848.0,125.0,907.0,127.0,907.0,189.0,847.0,187.0,0.6681852033379682,0.012504721514190447,-0.06927714570027675,3.1340683137871825
365,3,487.0,122.0,503.0,123.0,502.0,139.0,486.0,139.0,2.2845344580856968,-0.006145838183358757,-0.11139613856234057,-2.5960975578003893
366,3,492.0,123.0,509.0,124.0,508.0,140.0,492.0,139.0,2.2198626889859923,0.08751179780626962,0.0818363175921562,-2.411295421869872
369,3,503.0,158.0,521.0,159.0,521.0,177.0,503.0,179.0,1.9231979312728278,-0.09993498984738733,-0.25974550273127434,-2.819673480517918
370,3,486.0,153.0,504.0,152.0,505.0,170.0,487.0,173.0,1.9505249365456907,-0.16645547889962772,-0.1961077559011653,-2.67913303259601
371,3,495.0,170.0,513.0,170.0,512.0,189.0,496.0,189.0,2.1175601274948117,0.014098521733727429,0.0703588936551583,-2.880906419424816
373,3,542.0,145.0,561.0,146.0,559.0,166.0,541.0,165.0,1.9753636022042151,0.0776164608800948,0.0822250356265065,-2.8422606251587754
374,3,544.0,159.0,564.0,161.0,563.0,180.0,544.0,180.0,1.8333234753115213,0.016749395000352055,-0.12702185751399242,-3.108303970093663
375,3,547.0,169.0,567.0,168.0,567.0,190.0,548.0,191.0,1.704361936586247,-0.1300630851139058,-0.3004735526271112,-2.8818396168257028
377,3,527.0,150.0,549.0,151.0,548.0,173.0,528.0,173.0,1.7517548177588322,-0.00017099901524799942,-0.010337063814623387,-2.8844841721522876
378,3,504.0,133.0,526.0,132.0,527.0,155.0,506.0,156.0,1.646344131545655,0.05305523947591579,0.31221219813260953,-2.679021564826881
379,3,512.0,165.0,535.0,164.0,536.0,188.0,514.0,190.0,1.5219052635615788,-0.13354988354314987,-0.2528261619158407,-2.9216245918543335
380,3,523.0,176.0,547.0,175.0,548.0,197.0,525.0,200.0,1.5398977063550572,-0.06462371391930093,0.09138706809015273,-2.600820849748082
381,3,542.0,135.0,567.0,135.0,566.0,159.0,542.0,159.0,1.5073406385677666,0.036901623653565314,0.12059506346169384,-2.498279950835428
382,3,560.0,151.0,585.0,151.0,585.0,177.0,561.0,177.0,1.438932998972268,0.12274592824303027,0.4106981566802477,-2.6564124039685844
383,3,562.0,155.0,587.0,154.0,588.0,181.0,563.0,182.0,1.395303734201994,-0.09083137767504883,-0.18716840853522562,-2.9797192390723133
384,3,554.0,162.0,580.0,161.0,580.0,187.0,554.0,188.0,1.4128989552205797,0.0005021644682837991,0.14781111921443682,-3.1123393279354445
386,3,551.0,148.0,578.0,148.0,577.0,177.0,551.0,177.0,1.3825172036086169,0.012851461138028337,0.06627939342366952,-2.8711327346745823
387,3,552.0,140.0,580.0,140.0,580.0,169.0,553.0,170.0,1.2866601722135795,-0.0686216150173162,-0.17038094379193547,-2.967316776045027
388,3,562.0,135.0,591.0,134.0,592.0,164.0,563.0,166.0,1.250365645617465,-0.07464857522035152,-0.08134525682741114,-2.9644638089071793
389,3,573.0,149.0,603.0,147.0,605.0,177.0,575.0,180.0,1.223647205904032,-0.07998005412045261,0.0070903410894397525,-3.0623314520604925
390,3,604.0,117.0,635.0,117.0,635.0,149.0,604.0,150.0,1.190144428818361,-0.03588945449027147,-0.06399292416684685,-3.00871538466806
391,3,629.0,126.0,662.0,126.0,664.0,160.0,630.0,160.0,1.0896111438627132,-0.02963529886232174,-0.09643641791109168,3.0988590294925267
392,3,665.0,144.0,699.0,142.0,700.0,178.0,666.0,179.0,1.0859559876573486,0.1457956506064494,0.6083417531741709,-2.644798015422134
393,3,675.0,140.0,711.0,137.0,711.0,175.0,676.0,176.0,1.0561049608274176,0.13542014932775948,0.6087486391386556,-2.696273614075429
394,3,688.0,105.0,724.0,104.0,725.0,143.0,689.0,145.0,1.0095795034531303,-0.08737524918331366,-0.1417584568436665,-3.0109971186008737
395,3,698.0,104.0,736.0,101.0,737.0,141.0,700.0,143.0,1.0114086107131357,0.191978277765493,0.6790802331322234,-2.5473410282596305
396,3,708.0,64.0,748.0,62.0,750.0,105.0,709.0,108.0,0.9441346856914349,-0.08957489008230035,-0.07803877757382291,-3.0207684306267786
397,3,728.0,74.0,771.0,71.0,773.0,117.0,730.0,120.0,0.8920737558205629,-0.09536681806561277,-0.07355521100417185,-3.0328983039323005
398,3,792.0,44.0,840.0,42.0,839.0,93.0,792.0,95.0,0.850097499589877,-0.06153183577593281,-0.04822565012178046,-3.005544429729247
399,3,850.0,44.0,902.0,43.0,901.0,97.0,850.0,99.0,0.8090167295355902,-0.045685195548109944,-0.0415925792381228,-3.0507450223816903
400,3,888.0,47.0,942.0,45.0,942.0,101.0,888.0,103.0,0.7980725854456158,-0.04359784030118545,-0.01734479374857582,-3.0736163174637574
419,2,273.0,63.0,305.0,62.0,304.0,102.0,274.0,103.0,1.0261318796227086,-0.4627496856449298,-0.7985766159675411,-2.3609785670553505
423,2,604.0,61.0,634.0,57.0,630.0,98.0,600.0,101.0,1.0048884200132489,0.30838195071614494,0.8310232879699847,-2.816026983598172
423,5,69.0,77.0,87.0,78.0,87.0,96.0,69.0,95.0,2.426667718739054,0.03870877068952852,-0.046757691600652254,-3.0683332134969166
424,2,629.0,64.0,660.0,61.0,656.0,102.0,625.0,104.0,1.0151859522826163,0.3305687317388867,0.8153547791572533,-2.7619077091261826
425,2,680.0,58.0,711.0,55.0,706.0,98.0,675.0,100.0,0.9906879071544269,0.44855997984585466,0.9282558430935812,-2.6472944314943603
426,2,723.0,68.0,754.0,65.0,750.0,110.0,718.0,111.0,0.9665704227738838,0.5454122800255087,1.0045236184851163,-2.5106954680198723
427,2,782.0,64.0,815.0,59.0,811.0,104.0,777.0,108.0,0.9821878648071618,0.5297631290186267,1.0775589710879088,-2.540373287953259
427,5,276.0,117.0,293.0,118.0,293.0,134.0,276.0,132.0,2.3323032253114584,0.0007383746087644951,-0.2722711646947436,3.004517371377673
428,2,789.0,47.0,822.0,40.0,818.0,87.0,785.0,92.0,0.965150903719431,0.5928891519305961,1.1291807104158722,-2.4692650620948657
428,5,298.0,110.0,316.0,111.0,314.0,127.0,298.0,125.0,2.2871919420633033,-0.030137776441722202,-0.3503201505755391,-2.330554397102665
429,2,787.0,28.0,820.0,21.0,815.0,71.0,783.0,75.0,0.931675045165611,0.7310661674154735,1.1373320610330693,-2.319453018900273
429,5,305.0,94.0,322.0,95.0,321.0,111.0,305.0,110.0,2.3561351430385415,-0.07078535558083221,-0.3548133950474462,-2.4022110250018183
430,2,798.0,33.0,830.0,26.0,826.0,76.0,793.0,81.0,0.9219899377696457,0.7600854768053297,1.168907482966449,-2.298857120600855
430,5,324.0,96.0,341.0,97.0,341.0,113.0,325.0,113.0,2.3456268703756447,-0.05450803006268182,-0.22992155664545164,-2.4961974940720832
432,5,379.0,91.0,395.0,92.0,395.0,108.0,379.0,108.0,2.4294762392126485,-0.01767851420358839,-0.15245393873087798,-2.704603439144981
432,4,235.0,158.0,244.0,158.0,245.0,167.0,236.0,167.0,4.395097949153791,-0.03351102433575347,-0.11804554451347697,-2.7565556133347893
435,5,423.0,128.0,440.0,127.0,441.0,143.0,424.0,144.0,2.1649350900225444,-0.06616932923980055,-0.022855910341232424,2.995833190787832
436,5,422.0,136.0,439.0,135.0,440.0,152.0,424.0,153.0,2.2143166539811037,-0.053067076453233636,0.022912777939796652,-2.644641258467493
437,2,889.0,32.0,929.0,16.0,926.0,82.0,888.0,94.0,0.7276040307639594,1.317642048083568,1.369707089818926,-1.7317313274838066
437,5,434.0,164.0,451.0,165.0,451.0,182.0,435.0,182.0,2.116972429048983,-0.06068441807861134,-0.32922933119843323,-3.026313831863245
438,5,457.0,177.0,474.0,176.0,473.0,193.0,456.0,193.0,2.0695211625501533,0.022177530997535073,0.20469823277581253,2.9801983369637264
439,5,462.0,177.0,478.0,178.0,478.0,195.0,461.0,195.0,2.1196353818232594,-0.03538938192845188,-0.2650604088618414,-2.886870966844016
440,2,898.0,55.0,942.0,39.0,938.0,112.0,894.0,123.0,0.6538369648421613,1.3251738134019702,1.3768109569655118,-1.7525885950132736
440,5,441.0,198.0,457.0,199.0,457.0,216.0,440.0,215.0,2.1412366715647764,0.014521542183063096,-0.21574329706904727,-3.0581818785515202
441,2,880.0,45.0,926.0,27.0,921.0,102.0,876.0,114.0,0.6377853972615052,1.1496082234167548,1.369413700306316,-1.9378668523956863
441,5,416.0,193.0,433.0,193.0,434.0,210.0,416.0,210.0,2.0591291663667746,-0.0253746306179483,-0.11167436134530108,3.040373968715713
442,5,386.0,171.0,404.0,171.0,404.0,189.0,386.0,187.0,2.033385041308745,0.009926908240391448,-0.17360378525628195,2.9875988122681263
443,2,849.0,33.0,900.0,11.0,897.0,94.0,845.0,110.0,0.5678631787272874,0.880011140545656,1.356363367642335,-2.1984391469450837
443,5,351.0,199.0,368.0,197.0,370.0,215.0,352.0,216.0,2.0647474437188915,-0.08504239740272537,0.009373952055965093,3.1337981484085837
444,2,881.0,35.0,939.0,10.0,940.0,96.0,881.0,114.0,0.5570133993769372,0.7684392622949647,1.3677147439786645,-2.2584786808076753
445,5,352.0,213.0,371.0,212.0,372.0,231.0,355.0,232.0,1.9307466641511863,-0.02168918088471651,0.15365115871633933,-2.863109348077002
445,4,230.0,288.0,240.0,289.0,240.0,298.0,230.0,298.0,3.8931850555244494,0.008071074577881794,-0.5040470524480176,3.0915025461246026
446,5,371.0,217.0,389.0,216.0,391.0,235.0,373.0,236.0,1.9163790783621044,-0.019725505201423174,0.1784810801307505,-2.861863654178863
447,5,406.0,219.0,426.0,216.0,427.0,235.0,408.0,236.0,1.8236031494231353,-0.12785921718533313,-0.13129957242363452,-2.4974822030103083
448,5,428.0,176.0,447.0,176.0,448.0,195.0,428.0,195.0,1.853047399033199,-0.022904305742351753,-0.09167263094188174,3.0521947492556434
449,5,476.0,163.0,495.0,162.0,496.0,182.0,477.0,183.0,1.8729041120780325,-0.09422247120862194,-0.15533223105130817,-2.8966748808296714
450,5,490.0,161.0,510.0,160.0,511.0,181.0,492.0,182.0,1.7736847213138998,0.04201182475572841,0.33162273419395577,-2.7525752651174624
451,5,517.0,156.0,538.0,154.0,539.0,175.0,519.0,176.0,1.7691135250030008,-0.025096129376381962,0.170645938223171,-2.5996472669561617
452,5,535.0,154.0,555.0,153.0,557.0,174.0,536.0,176.0,1.739411199429528,-0.10304200095716903,-0.11669550145060831,-3.004446514334744
452,4,410.0,246.0,420.0,245.0,421.0,255.0,411.0,255.0,3.541581840535085,-0.04382275699403714,0.03451489712277443,-2.6269732547774156
453,5,536.0,139.0,558.0,138.0,558.0,159.0,537.0,160.0,1.7135130356980863,-0.010611797873730892,0.12027389025534954,-2.5009377738615464
454,5,542.0,132.0,563.0,132.0,562.0,156.0,542.0,157.0,1.5703870220780292,-0.1512720218610676,-0.3914870388895697,-2.789169170732823
455,5,555.0,128.0,577.0,126.0,578.0,149.0,556.0,151.0,1.6786656964372053,-0.08371598697843699,0.021079339287387415,-2.8125636679757955
455,4,423.0,226.0,433.0,226.0,434.0,236.0,423.0,236.0,3.3879397636127293,-0.03097294006942791,-0.16728360776403053,2.9578538044259197
456,5,564.0,122.0,587.0,120.0,589.0,143.0,566.0,146.0,1.611345625468828,-0.09939914906304237,0.02441945011078091,-3.0482168502396294
456,4,430.0,225.0,441.0,226.0,441.0,236.0,430.0,236.0,3.233459421916112,0.01668562288004759,-0.16122140407635374,2.964017071244378
456,7,359.0,273.0,359.0,264.0,368.0,264.0,368.0,273.0,3.975016561777768,-1.5707963267946006,2.1022791944536895e-09,-3.141592650917981
457,5,574.0,127.0,597.0,126.0,599.0,150.0,576.0,152.0,1.543811491634697,-0.11373166465818202,-0.15952490333957953,-3.046708383797864
458,5,634.0,125.0,660.0,124.0,660.0,149.0,636.0,151.0,1.506465089334573,0.08635164868042278,0.4460716850629694,-2.586380390693198
459,5,657.0,117.0,683.0,115.0,684.0,142.0,658.0,143.0,1.4624335156796424,0.12012527994466417,0.5139042717955099,-2.5566797708032802
459,4,507.0,227.0,518.0,227.0,518.0,239.0,507.0,238.0,3.0970170751268156,0.1084121608479782,0.3289925741356034,-2.768139139244917
459,7,432.0,274.0,432.0,265.0,442.0,265.0,441.0,275.0,3.7135718156415574,-1.5011576210809907,0.2730465772445556,-3.0393070990032287
460,5,679.0,113.0,707.0,111.0,707.0,138.0,680.0,140.0,1.443475990538426,0.07061294513505235,0.42876807566177483,-2.5481624930872515
461,5,688.0,111.0,717.0,109.0,717.0,137.0,690.0,139.0,1.400099432227816,0.11537362878019716,0.5319118663286483,-2.534221922774724
461,4,532.0,232.0,543.0,232.0,543.0,244.0,532.0,244.0,3.0131783403290573,-0.05379290841395475,-0.2992777675152381,-2.998417995625011
463,5,699.0,88.0,731.0,86.0,730.0,116.0,700.0,118.0,1.3142276613368318,0.10001868222668679,0.44060295153099194,-2.452637501785818
464,5,695.0,79.0,727.0,76.0,727.0,107.0,697.0,109.0,1.300290265693401,0.11753953614707446,0.5049702548247461,-2.4403080377091886
464,4,524.0,212.0,536.0,212.0,536.0,225.0,524.0,225.0,2.8070378553727893,-0.05728015576666567,-0.27604911194821125,-2.9752278608986735
464,7,447.0,265.0,447.0,254.0,457.0,255.0,457.0,265.0,3.368978460478397,-1.5709226495256925,0.005254030121925189,-2.78556517051171
465,5,698.0,73.0,731.0,69.0,732.0,101.0,700.0,104.0,1.2577847413608694,0.0799202461426172,0.48536620010857506,-2.434689105435393
465,7,446.0,272.0,446.0,261.0,456.0,261.0,456.0,271.0,3.3478971303417637,-1.557840090763858,0.2952571727986484,-2.7670261362799184
466,5,685.0,82.0,719.0,79.0,719.0,112.0,687.0,115.0,1.2155609688937377,0.091258739765312,0.4809215121913005,-2.5159538400389168
466,4,505.0,231.0,517.0,230.0,518.0,242.0,505.0,243.0,2.8296778466954664,-0.05645409216787194,0.13601799040559812,2.965213851489625
467,5,745.0,59.0,781.0,55.0,782.0,91.0,746.0,94.0,1.1680811982685022,-0.050184193825661874,0.1279903275503138,-3.0630100861012264
467,4,548.0,218.0,561.0,218.0,561.0,231.0,548.0,231.0,2.7572135498654866,1.0286785563384175e-15,2.3439748241893955e-10,-3.141592653163461
468,5,762.0,38.0,800.0,34.0,801.0,72.0,763.0,76.0,1.1215552714047807,-0.06284693090763957,0.10709282681675289,-3.0330688434621447
468,4,556.0,207.0,569.0,207.0,569.0,220.0,555.0,220.0,2.678341807699242,0.0327334654602484,0.15527171355782843,3.0197424037665885
468,7,474.0,264.0,473.0,253.0,483.0,252.0,484.0,263.0,3.235636133661712,-1.6628623409667878,0.12713900989494736,2.726026763137472
469,5,778.0,22.0,819.0,18.0,820.0,59.0,779.0,63.0,1.0519488095068434,-0.0594773352364613,0.09125119188403624,-3.048642633642371
469,7,472.0,271.0,472.0,260.0,482.0,259.0,483.0,271.0,3.093238765799805,-1.61385463278741,0.12182816228821036,2.7364351739469446
470,4,562.0,202.0,575.0,200.0,576.0,216.0,563.0,216.0,2.445254631105102,0.07437609360393461,0.6316930848720218,-2.851219444114099
471,4,504.0,212.0,517.0,211.0,519.0,225.0,504.0,226.0,2.5391399724538832,-0.07027682837931325,0.0025587442026641836,3.1138498436864697
472,4,498.0,209.0,512.0,208.0,513.0,222.0,498.0,223.0,2.455340069599581,-0.04571563341413628,0.11406758044166047,2.998731443715578
472,7,413.0,276.0,411.0,264.0,422.0,263.0,423.0,275.0,2.956448653596828,-1.6826970186924524,0.174893516839724,2.7155656007187026
476,4,527.0,205.0,542.0,205.0,542.0,221.0,527.0,221.0,2.2875805882954654,-0.047705390295084964,-0.2234192283169856,-2.9826119868507233
476,7,435.0,272.0,435.0,259.0,447.0,259.0,447.0,272.0,2.7452314293811275,-1.564353320649781,0.1149209189729225,2.821149745461046
477,4,535.0,218.0,550.0,217.0,551.0,233.0,535.0,234.0,2.2674860999420074,-0.009524138546701262,0.29416269427614516,-3.039027073442596
477,7,441.0,286.0,442.0,273.0,453.0,273.0,454.0,286.0,2.7312445575452666,-1.566565629396572,0.11947605756142501,-2.7139927959341277
479,4,506.0,220.0,523.0,219.0,523.0,235.0,506.0,236.0,2.084742959872417,-0.02694544096485355,0.1690179987061521,2.9204112921165764
479,7,408.0,291.0,408.0,278.0,421.0,277.0,422.0,291.0,2.6098235323555907,-1.6071065176008312,-0.023460315747594628,3.1155849740137507
480,4,494.0,215.0,511.0,215.0,512.0,231.0,495.0,232.0,2.084599687864437,-0.04463520475786516,-0.08257262208089731,3.0100569684152743
480,7,396.0,289.0,396.0,276.0,409.0,275.0,410.0,289.0,2.615409716605829,-1.6073753835876348,-0.020885130559309285,3.1187911148271623
481,4,479.0,232.0,496.0,232.0,496.0,249.0,479.0,250.0,2.0397904547635592,-0.06458784125384855,-0.2022896098307442,-2.8426330942361893
481,7,380.0,310.0,379.0,297.0,393.0,295.0,394.0,309.0,2.5091112089494425,-1.6706687762314691,-0.20746106937638265,3.116195689860567
482,4,476.0,238.0,493.0,236.0,494.0,254.0,476.0,255.0,1.9778789147126776,-0.050554963114822174,0.21997204245675467,3.0299612306949495
483,4,467.0,193.0,485.0,192.0,486.0,210.0,468.0,212.0,1.9589252756788103,-0.11953553651860524,-0.15787702774306583,-2.757936221751729
484,4,462.0,202.0,480.0,202.0,480.0,221.0,462.0,221.0,1.9678579640950988,0.010734843204777305,0.049690295820794185,-2.9383937649991365
484,7,356.0,279.0,356.0,265.0,371.0,265.0,371.0,280.0,2.4126755202058807,-1.510090810744845,0.35686629891308297,-3.0313186153431615
485,10,899.0,213.0,912.0,210.0,912.0,251.0,898.0,252.0,1.05039453508379,2.662500651663361,1.294179752472635,-0.4355378569988361
485,4,467.0,214.0,485.0,214.0,485.0,233.0,467.0,234.0,1.855974382917128,-0.09921477587873023,-0.3517662398449087,-2.855933813312642
485,7,360.0,294.0,359.0,278.0,374.0,278.0,375.0,293.0,2.305007346068587,-1.625147432398335,0.06642376910588678,-2.696549201000359
486,10,901.0,235.0,916.0,232.0,916.0,275.0,901.0,276.0,0.9938660588042944,2.7424058770102664,1.316177427349883,-0.35576662364063116
486,4,449.0,242.0,468.0,241.0,469.0,261.0,450.0,261.0,1.825111263172146,0.0033006870578757143,0.1854002721173277,-2.88042735246293
486,7,341.0,324.0,340.0,308.0,356.0,308.0,356.0,323.0,2.296398275931945,-1.5738384631602105,0.14644832996835483,-2.757871101353843
487,10,907.0,211.0,924.0,208.0,923.0,254.0,905.0,256.0,0.9307044155927805,2.621514789897551,1.324274411167497,-0.49366826764936117
487,4,426.0,206.0,446.0,207.0,445.0,227.0,425.0,227.0,1.7512901844014055,-0.034204858198468434,-0.2821933943936231,-2.7584672702327384
487,7,311.0,289.0,312.0,273.0,327.0,273.0,326.0,290.0,2.184177610390196,-1.5100405278811393,0.0003480181085647718,2.8831486347539563
488,10,907.0,220.0,925.0,216.0,924.0,264.0,906.0,264.0,0.916003710625459,2.6143085674692084,1.3278929999314248,-0.4905710954938419
488,4,421.0,216.0,441.0,215.0,441.0,236.0,421.0,236.0,1.7465491119811793,0.004727894753387301,0.15606754696103334,-3.1235546114766737
488,7,307.0,299.0,306.0,284.0,321.0,282.0,323.0,299.0,2.258833468776702,-1.6366806853692422,0.11714938115806314,3.0312413728218353
489,4,456.0,260.0,478.0,261.0,478.0,282.0,457.0,282.0,1.6755943444095416,-0.006585723542976126,-0.08486816754580362,-3.1129106078144675
489,7,340.0,350.0,339.0,333.0,355.0,332.0,357.0,349.0,2.086350667999366,-1.6639322103880732,-0.023843108510473814,-2.6458815084326877
490,11,928.0,694.0,893.0,683.0,902.0,673.0,939.0,685.0,1.3952883565026601,-2.9277845538058775,-0.36280230196802565,2.212709670642939
490,4,529.0,240.0,552.0,238.0,552.0,261.0,530.0,261.0,1.5833098209601626,-0.030171320992238532,0.0791704450929567,-2.732524745456846
490,7,410.0,331.0,409.0,314.0,426.0,313.0,427.0,331.0,2.001689854978094,-1.6160688851143132,0.1408333045435262,2.9528722870046886
491,4,548.0,228.0,571.0,228.0,570.0,251.0,547.0,251.0,1.5497321477694315,0.04190910420690562,0.2374398592167061,3.131633567843348
491,7,424.0,320.0,424.0,302.0,441.0,302.0,442.0,320.0,1.9498614684046869,-1.6012445666327342,-0.02640941441284503,-2.8247291391666156
492,4,577.0,231.0,601.0,231.0,602.0,254.0,578.0,255.0,1.4910883417155192,-0.023705378219736544,-0.02234684014506545,3.036177301913048
492,0,42.0,267.0,59.0,267.0,61.0,293.0,44.0,293.0,1.596562028761141,0.0516434967008625,0.4240173975079293,-3.008452323353571
492,7,450.0,325.0,451.0,307.0,468.0,307.0,467.0,326.0,1.892105649777656,-1.516697533861397,-0.0006314099588819659,2.761550656183269
493,4,592.0,236.0,616.0,236.0,615.0,261.0,591.0,260.0,1.4844661176707232,0.08706033680790039,0.38632259225997506,-2.933735560968268
493,7,460.0,331.0,461.0,313.0,478.0,313.0,478.0,333.0,1.839446868087716,-1.5420087889376508,0.11901388525086878,2.749745876793861
494,4,616.0,235.0,641.0,235.0,640.0,260.0,615.0,260.0,1.4653526954964031,0.01057237144535352,0.06344239322244878,-2.938738049656981
494,0,54.0,272.0,73.0,273.0,74.0,299.0,56.0,299.0,1.5511331583293417,-0.6465182893987587,-1.4270994238027377,-2.496131542875506
494,7,481.0,334.0,481.0,315.0,499.0,315.0,499.0,334.0,1.8474506933113195,-1.5715286716308758,0.05271070309344304,2.8061784744364338
495,4,619.0,228.0,645.0,228.0,643.0,253.0,618.0,252.0,1.4528006436516498,0.05436816526434255,0.19054698100590112,-2.703189073699569
495,0,52.0,264.0,71.0,265.0,72.0,290.0,54.0,290.0,1.6176285608883372,-0.5967583904584117,-1.3973733085395366,-2.538891078998113
495,7,482.0,327.0,482.0,308.0,500.0,308.0,500.0,327.0,1.849540060755449,-1.5717671494793437,0.0633501710391039,2.8063441587375513
496,4,602.0,214.0,628.0,215.0,627.0,241.0,600.0,241.0,1.386370144484288,0.04401927276898612,0.10523337472846313,-3.038667226593943
496,7,458.0,315.0,458.0,295.0,477.0,295.0,477.0,315.0,1.7614572306860645,-1.5694445203959406,0.07378276734081352,2.8522218786732
497,4,605.0,209.0,632.0,208.0,631.0,236.0,604.0,236.0,1.340690969118093,0.06299577076025988,0.40165606627912337,-3.0207151638478074
497,7,460.0,313.0,461.0,292.0,479.0,293.0,479.0,313.0,1.7171672732032977,-1.5456795512244286,0.07551815377802319,-2.6835313131664953
498,4,597.0,231.0,625.0,231.0,624.0,260.0,596.0,261.0,1.235064710950227,-0.04275053683901134,-0.15552792781828317,-2.9159647861307505
498,7,446.0,343.0,446.0,321.0,466.0,322.0,466.0,343.0,1.6273399858044333,-1.5715431162423863,-0.01948626790731545,-2.7240910720090503
499,4,630.0,210.0,659.0,208.0,660.0,237.0,630.0,239.0,1.2700733033491358,-0.016207761774323086,0.2797477401776222,-3.117153780829047
499,7,476.0,323.0,477.0,303.0,497.0,303.0,497.0,324.0,1.7056353331370435,-1.542491830865895,-0.04679650008973813,3.075884470015724
500,4,610.0,216.0,641.0,216.0,640.0,246.0,609.0,246.0,1.1956397718946497,0.03399169427736348,0.18071492904016678,3.0869284159051085
500,7,451.0,330.0,451.0,307.0,472.0,308.0,472.0,330.0,1.5577344103802087,-1.5708501857852502,0.0012636120265625546,-2.7435410848172164
501,4,627.0,226.0,659.0,227.0,658.0,258.0,626.0,258.0,1.1550661095759072,0.029613882240928518,0.07390491328160667,-3.1360505163808168
501,7,463.0,344.0,463.0,321.0,485.0,323.0,485.0,345.0,1.51958106838228,-1.5726873487916593,-0.18049100796653356,-2.827375059208207
502,4,651.0,239.0,684.0,239.0,684.0,270.0,650.0,271.0,1.1293044591615287,0.019526661715603705,0.22037311102105125,3.0079664389273413
502,7,483.0,360.0,483.0,337.0,505.0,338.0,505.0,361.0,1.5087320923595005,-1.568245379568253,-0.1201966782238974,-2.8378874107362044
503,4,665.0,236.0,699.0,235.0,698.0,269.0,663.0,269.0,1.100157742317237,0.04701097049506557,0.3990590079896595,-3.134484660116776
503,7,489.0,365.0,489.0,341.0,511.0,340.0,512.0,364.0,1.4563198774403003,-1.5893351047716628,-0.0562548731208156,2.753999064199465
504,4,651.0,228.0,686.0,228.0,685.0,264.0,648.0,264.0,1.0314554036477568,0.075429242262795,0.44683419045591855,-3.052261196643991
504,7,466.0,361.0,466.0,336.0,490.0,336.0,489.0,362.0,1.3717375184014522,-1.551733536399791,0.023354366322234272,2.7438461137904055
505,4,643.0,202.0,681.0,201.0,681.0,237.0,642.0,239.0,0.9873924623734529,0.011851044201214309,0.2522676559074463,3.0483093731741926
505,7,453.0,344.0,453.0,319.0,477.0,318.0,478.0,344.0,1.3734785953610615,-1.588717913650965,0.027454000884522052,2.87638756157622
506,4,627.0,234.0,666.0,232.0,667.0,272.0,627.0,273.0,0.930077522873953,0.024351651711682114,0.42305020355306344,-2.960454952510373
506,7,430.0,385.0,430.0,358.0,456.0,359.0,456.0,386.0,1.2886229885339926,-1.5648721158853123,0.10823630268707463,2.89242442764079
507,4,663.0,216.0,706.0,215.0,705.0,256.0,662.0,257.0,0.8954828872919162,0.023964200737948752,0.26479352709720483,3.1069411294969562
507,7,454.0,371.0,455.0,343.0,481.0,344.0,481.0,371.0,1.271500242048378,-1.553840940909097,-0.0070006505948298535,-2.8465532068804213
508,4,653.0,202.0,697.0,202.0,696.0,245.0,651.0,245.0,0.856435312305084,0.035408094609692894,0.1732743681174284,3.122455608912672
508,7,435.0,359.0,436.0,330.0,463.0,330.0,462.0,359.0,1.203917982763354,-1.5394145675046227,-0.06608774523944373,2.8007093833438605
509,4,659.0,208.0,705.0,207.0,703.0,253.0,657.0,252.0,0.8325253966025085,0.07351678021781807,0.38176546671716527,-2.8948357752843963
509,7,434.0,367.0,434.0,338.0,462.0,338.0,461.0,368.0,1.1869076096681166,-1.553842725954064,0.015812734189276333,2.8117989960811385
510,4,659.0,208.0,708.0,208.0,706.0,256.0,657.0,255.0,0.7800002606799353,0.04154313275489937,0.1698607574161471,-3.1312082234318765
510,7,419.0,374.0,420.0,344.0,449.0,345.0,448.0,376.0,1.1467481436529898,-1.534484507024648,0.054075762904628885,2.8786032825986827
511,4,626.0,216.0,677.0,217.0,674.0,267.0,623.0,264.0,0.7327836315832562,0.06736992685373216,0.1660860124503321,3.073666333688967
511,7,372.0,391.0,373.0,359.0,403.0,360.0,403.0,392.0,1.102523887966556,-1.567131296530853,-0.0865634720178027,-2.678266286340506
512,4,585.0,229.0,639.0,229.0,639.0,281.0,584.0,282.0,0.6709308091090305,0.012893744005607099,0.1343229771332035,3.0341953314916132
512,7,321.0,415.0,321.0,382.0,354.0,383.0,354.0,416.0,1.0713231788856785,-1.549047653336078,0.1054361911739991,3.091593391432478
513,4,562.0,212.0,618.0,213.0,617.0,267.0,561.0,267.0,0.6477489130674081,0.02303663713213847,0.07288970954762598,3.0644610156192575
513,7,291.0,407.0,291.0,373.0,325.0,373.0,325.0,408.0,1.042054911208917,-1.5616279570997544,0.03797104673335343,3.074420275553343
514,4,550.0,200.0,608.0,200.0,606.0,257.0,548.0,256.0,0.625740647401335,0.035212082151710226,0.14193655113254963,3.0726693995616783
514,7,273.0,404.0,273.0,369.0,308.0,369.0,307.0,405.0,1.0215061512190056,-1.5588186888487574,-0.004132155168454605,3.0485632144514194
515,4,519.0,208.0,581.0,209.0,580.0,269.0,518.0,268.0,0.5778821000437346,0.023252658287335755,0.04021545598598698,3.023387802153299
515,7,227.0,424.0,227.0,386.0,264.0,386.0,264.0,424.0,0.9739288869827726,-1.5744734645600955,-0.010972518967053814,3.072704839942143
516,4,512.0,193.0,579.0,193.0,578.0,259.0,511.0,258.0,0.536358575285345,0.018360095268297762,0.061046188254003785,3.065221682884756
516,7,205.0,427.0,205.0,387.0,244.0,387.0,244.0,427.0,0.933999449633874,-1.5743162141039093,-0.0096412182663778,3.080441218343962
517,4,507.0,195.0,577.0,194.0,577.0,262.0,507.0,263.0,0.5131161837511389,0.000598286658812104,0.07671829537381053,3.0436705251251084
517,7,194.0,441.0,193.0,400.0,232.0,399.0,233.0,440.0,0.9176722133726136,-1.602567046520037,-0.01924822633070786,3.033635097546947
518,4,463.0,193.0,536.0,194.0,535.0,266.0,461.0,265.0,0.4844696023560224,0.019759425337581103,0.03136648158105951,3.0516041856139164
518,7,128.0,448.0,129.0,406.0,172.0,406.0,170.0,449.0,0.9163434164288914,-1.557857495969217,-0.04566246153919998,-3.1375017628587987
519,4,352.0,209.0,431.0,208.0,433.0,284.0,351.0,285.0,0.4456260724908807,-0.021207163804231096,-0.05015704034304027,2.9397449731917793
520,4,282.0,192.0,369.0,193.0,369.0,270.0,280.0,269.0,0.4231812574666739,-0.014024801086713721,-0.1369913758215884,2.830524109452914
521,4,152.0,164.0,249.0,167.0,248.0,250.0,150.0,250.0,0.419052995075367,-0.028388644148393483,-0.20931791813464004,2.907982328751991
522,4,6.0,181.0,111.0,183.0,109.0,273.0,3.0,272.0,0.4375090613462961,-0.029293996674338515,-0.2360063172596219,2.984688924316571
534,6,312.0,235.0,321.0,235.0,321.0,243.0,312.0,243.0,4.14300279704087,-0.025366936135282746,-0.14568477974082647,2.8547017980468112
535,6,326.0,247.0,335.0,247.0,335.0,255.0,326.0,255.0,4.102521810515097,-0.022170098553198597,-0.1414015129152341,2.8371045760657836
536,6,365.0,254.0,373.0,254.0,373.0,263.0,365.0,263.0,4.014668579370739,0.04843482089964586,0.3222648372091639,-3.0382356836437854
538,6,386.0,229.0,394.0,229.0,394.0,238.0,386.0,238.0,4.042835157254552,0.0621074591276336,0.33083899155916974,-3.0032626871888666
539,6,395.0,230.0,404.0,230.0,404.0,239.0,395.0,238.0,4.276948334848964,0.01692540868015824,-0.13125407924766205,-3.0318296632193906
540,6,401.0,239.0,409.0,239.0,409.0,248.0,401.0,248.0,4.015929674568095,0.06095927403446852,0.35090982445503943,-3.005156656258313
549,6,428.0,227.0,437.0,227.0,437.0,236.0,428.0,236.0,3.962667654550664,8.204261588126807e-12,-1.6820305967065368e-07,-3.1415921983130066
551,6,438.0,242.0,447.0,242.0,447.0,251.0,438.0,251.0,3.9451822549893056,-8.77494698860637e-12,-1.5804633931589733e-07,-3.1415921755626237
555,6,492.0,232.0,502.0,232.0,502.0,243.0,492.0,243.0,3.2802363699078043,-0.06711536388121314,-0.3660120042557088,-2.966829457706548
557,6,501.0,242.0,512.0,243.0,512.0,253.0,501.0,253.0,3.19420133829976,0.029113911529413727,-0.10465863195086222,2.9341738730110536
558,6,493.0,246.0,504.0,245.0,503.0,256.0,493.0,256.0,3.5358809042840424,0.002905963449050355,0.040193020907725766,-2.989787862663768
559,6,482.0,248.0,492.0,248.0,492.0,260.0,482.0,259.0,3.098142549981731,0.13311883102792488,0.500155011043444,-2.864268872511082
562,6,445.0,232.0,456.0,232.0,456.0,243.0,445.0,243.0,3.2329541651942297,2.3433086508827096e-12,9.168112166156458e-08,3.1415922729922516
565,6,462.0,248.0,473.0,248.0,473.0,260.0,462.0,260.0,2.984190986022005,0.05740654755106656,0.36224473082367153,-2.987986549393544
566,6,464.0,251.0,476.0,251.0,477.0,263.0,465.0,263.0,2.8446963310150495,-0.041829361225044374,-0.27659681235602923,2.9908420783201835
567,6,461.0,255.0,473.0,254.0,473.0,266.0,461.0,267.0,2.8368784790668937,-0.04625041629790699,0.25179786214514527,2.9702024963256757
568,6,455.0,270.0,467.0,270.0,467.0,283.0,455.0,282.0,2.81498609928953,0.0733027479301676,0.2594468178496268,-2.8864551719389855
569,6,447.0,258.0,459.0,257.0,460.0,270.0,448.0,270.0,2.82468999602741,-0.004987106482007838,0.2560080705858448,-2.8779065935806503
571,6,424.0,250.0,437.0,249.0,438.0,262.0,425.0,263.0,2.7203400925449066,-0.07677189126973569,2.0987691004421786e-10,3.1415926530389338
572,6,426.0,267.0,439.0,265.0,440.0,279.0,427.0,279.0,2.706970445285834,-0.0722635772757749,0.05685837899020975,-3.1271492020097442
574,6,461.0,252.0,475.0,251.0,475.0,265.0,462.0,265.0,2.6132676734784104,-0.03457523058446397,0.0032392358990234217,-2.8285104989387477
575,6,472.0,251.0,486.0,251.0,487.0,264.0,473.0,265.0,2.506476182880334,-0.05219917381095307,-0.11821251097789046,2.9663614023810236
576,6,475.0,255.0,489.0,254.0,490.0,268.0,475.0,269.0,2.4183462261733113,-0.0539778873133179,0.10770868161115932,2.9570058013981195
577,6,467.0,272.0,481.0,271.0,482.0,285.0,468.0,286.0,2.5105678043962905,-0.07130746478601366,6.38058895771019e-12,-3.14159265020426
580,6,413.0,256.0,428.0,255.0,429.0,270.0,415.0,271.0,2.36887906664499,-0.04247080613999447,0.17385237517297644,-2.904960515734929
581,6,400.0,277.0,415.0,276.0,416.0,291.0,401.0,292.0,2.354058894202343,-0.06656816371062572,-7.288046792891544e-08,-3.1415925650076977
583,6,438.0,267.0,454.0,266.0,455.0,281.0,439.0,283.0,2.1854607293101456,-0.11292520154620754,-0.14765549637160633,-2.710541397917024
584,6,439.0,258.0,455.0,257.0,456.0,273.0,440.0,274.0,2.205375716612374,-0.06241880999594653,2.675449469269159e-11,3.1415926534930456
585,6,447.0,263.0,464.0,262.0,465.0,278.0,448.0,279.0,2.074167992709723,-0.06225168026923808,-0.026901085366365762,2.905476911357977
586,6,448.0,262.0,465.0,260.0,466.0,276.0,449.0,278.0,2.044998585509878,-0.10158436432645626,0.1158802930796471,2.869322846061084
587,6,457.0,240.0,474.0,239.0,475.0,256.0,458.0,257.0,2.0818178709335116,-0.05875582271853068,-8.694221509428906e-11,-3.141592652642586
588,6,447.0,263.0,465.0,262.0,466.0,279.0,448.0,280.0,1.959089252487641,-0.05882092078284023,-0.025725546708475377,2.914076634178261
589,6,425.0,257.0,443.0,256.0,444.0,274.0,426.0,275.0,1.9631225419966774,-0.055498505245721606,-1.3804512392648756e-11,-3.1415926535566094
592,6,432.0,245.0,452.0,244.0,453.0,263.0,433.0,264.0,1.772156972602581,-0.055046663784758074,-0.03298179524980731,2.9468145582194936
593,6,442.0,261.0,462.0,259.0,463.0,279.0,444.0,281.0,1.7580040742578456,-0.13558099122062764,-0.24128690169693004,-2.856855646370882
594,6,442.0,264.0,462.0,263.0,463.0,284.0,443.0,285.0,1.6914947518299617,-0.018060196194831745,0.25076345535124644,-3.0368583819432136
595,6,421.0,284.0,443.0,283.0,444.0,303.0,423.0,305.0,1.636428958352538,-0.07789908445224764,-0.07394420795105815,-2.7228877416527033
596,6,377.0,284.0,400.0,283.0,401.0,305.0,379.0,306.0,1.5814725905665428,-0.05092033137636184,-0.06820797712696652,-2.8305800747195144
597,6,367.0,283.0,390.0,281.0,392.0,303.0,369.0,305.0,1.551466432663716,-0.09725487738453913,-0.09679251932637288,2.964153615763816
598,6,365.0,285.0,388.0,283.0,390.0,306.0,367.0,308.0,1.538539479218778,-0.08673833867597382,-3.1794557883106024e-11,-3.1415926535655725
599,6,370.0,281.0,394.0,279.0,396.0,302.0,372.0,304.0,1.4856383215165057,-0.09321660175300743,-0.09167561629517039,2.9691455998082033
600,6,371.0,278.0,396.0,276.0,398.0,300.0,373.0,303.0,1.4116072932651724,-0.13065145612609472,-0.26115799604448753,-2.786303319472882
601,6,373.0,283.0,399.0,280.0,401.0,306.0,375.0,308.0,1.3560365250881623,-0.09507520689432895,0.01582003162508904,3.016318280707538
602,6,360.0,299.0,387.0,297.0,389.0,323.0,362.0,325.0,1.3236473907002198,-0.08277621688875447,-0.10757140067377284,2.9769528008562056
603,6,367.0,282.0,394.0,280.0,396.0,308.0,369.0,309.0,1.2920628971985582,-0.046084377432424585,0.0935626229605126,-3.0251116109258533
604,6,362.0,291.0,390.0,289.0,392.0,316.0,364.0,318.0,1.2759806100889854,-0.08039635191295193,-0.0985861064144363,2.985826392223909
605,6,352.0,292.0,381.0,291.0,383.0,319.0,354.0,321.0,1.2375466921992195,-0.06888750551100707,-0.2168919879034431,3.098167222918111
606,6,362.0,295.0,391.0,291.0,394.0,321.0,365.0,323.0,1.2130635340715235,-0.10073256688736135,0.03947806302125143,-3.135003162009563
607,6,360.0,294.0,390.0,291.0,393.0,321.0,362.0,323.0,1.1684936215382165,-0.09113238582154702,-0.08676074878660847,2.986290101137401
608,6,394.0,297.0,425.0,295.0,427.0,325.0,397.0,328.0,1.1492406733704512,-0.1006376344046523,-0.20971485855110186,-2.9627950416953652
609,6,415.0,289.0,447.0,288.0,447.0,320.0,416.0,321.0,1.0969678221942363,-0.054164571461953075,-0.25994920872459826,-2.939189245793002
610,6,434.0,287.0,467.0,285.0,468.0,319.0,437.0,320.0,1.049547388605955,-0.022338917831183396,0.26032206323618057,-3.007857858180747
611,6,439.0,314.0,473.0,312.0,474.0,347.0,440.0,348.0,1.0115927762741714,-0.037056811423392864,0.16571013706894597,3.098968647778324
612,6,441.0,315.0,476.0,313.0,478.0,348.0,443.0,350.0,0.9996261655183487,-0.05708078240628345,-2.375360397625564e-13,3.141592653588895
613,6,437.0,296.0,473.0,293.0,476.0,329.0,440.0,331.0,0.9709361295867988,-0.06434639139142516,0.055899547600078495,-2.8934574786504275
614,6,431.0,291.0,468.0,288.0,471.0,325.0,434.0,328.0,0.9462562919649696,-0.08090409915527862,-5.7582868162008956e-12,-3.1415926535788934
615,6,428.0,286.0,466.0,283.0,469.0,320.0,431.0,323.0,0.9233047481648352,-0.08164955594170134,-0.03290257595535664,2.989112576785245
616,6,423.0,288.0,462.0,284.0,465.0,323.0,426.0,326.0,0.8959107067285413,-0.08667418970535233,0.047352112455053004,3.03354014540206
617,6,435.0,285.0,476.0,282.0,479.0,323.0,439.0,326.0,0.8553509564635451,-0.06347269807031561,0.1160040341898602,-2.9832904907803175
618,6,487.0,290.0,530.0,286.0,534.0,328.0,491.0,332.0,0.8146843343009929,-0.09108791090976152,0.024098444548254133,2.9945091773482284
619,6,534.0,281.0,579.0,277.0,582.0,321.0,537.0,325.0,0.7870724220784039,-0.0753471085591044,0.16645471639786547,3.014859082881087
620,6,550.0,269.0,596.0,265.0,599.0,312.0,553.0,315.0,0.7646910570882471,-0.04706444556362566,0.3174830370719438,-3.046309401460066
621,6,593.0,268.0,643.0,264.0,646.0,312.0,596.0,315.0,0.7305157886619624,-0.05605225658940034,0.16724919843761593,2.9700909807277296
622,6,633.0,268.0,685.0,264.0,688.0,314.0,636.0,317.0,0.7194236741467227,-0.051966881156079975,0.19420577356149205,3.0236412146748153
623,6,765.0,249.0,825.0,246.0,826.0,301.0,768.0,303.0,0.7023748222947594,0.03188119188745441,0.6250446964927419,-2.8343750536469723
655,0,492.0,289.0,500.0,288.0,500.0,296.0,492.0,297.0,4.145392120856522,-0.09027544839485459,0.3515196477549671,2.868226397188735
656,0,495.0,280.0,503.0,279.0,504.0,287.0,495.0,288.0,4.083987821203704,-0.1001991649148902,0.1616107010719636,2.850742050003468
660,0,530.0,247.0,539.0,247.0,539.0,256.0,530.0,256.0,3.946957397346003,-1.3492674593250934e-15,8.26687166674393e-10,-3.1415926519439386
661,0,537.0,251.0,546.0,251.0,546.0,260.0,537.0,260.0,3.9468009993717827,4.173914102483797e-15,9.463760443217587e-10,-3.141592651981731
665,0,509.0,260.0,519.0,259.0,519.0,269.0,510.0,270.0,3.525325393424099,-0.13910387112068537,-0.2501883283801591,-2.8512208333780316
668,0,544.0,263.0,554.0,263.0,555.0,272.0,545.0,273.0,3.5030461329614417,-0.05940654402242792,-0.07951610060637436,2.9048810086425583
669,0,550.0,266.0,559.0,266.0,560.0,275.0,551.0,276.0,3.6878034671346493,-0.08754770350468691,-0.26118156373439416,3.094365079411625
671,0,540.0,283.0,551.0,282.0,551.0,292.0,541.0,293.0,3.3474770775832474,-0.09515048050953909,0.0008613959276264005,-2.706775501056809
674,0,508.0,278.0,519.0,277.0,519.0,287.0,509.0,288.0,3.3255816353511256,-0.10036769256111898,-0.04870121438522588,-2.680959355569502
675,0,514.0,288.0,525.0,288.0,525.0,298.0,515.0,299.0,3.3475761387959326,-0.045340401977375815,0.05652199316155078,-2.9269157166618647
676,0,527.0,271.0,538.0,270.0,539.0,281.0,527.0,282.0,3.0569014568362283,-0.06681083026557201,0.17676293321392822,2.921037505908812
677,11,413.0,495.0,424.0,490.0,439.0,492.0,428.0,497.0,1.9234327735194947,-0.5502687262185331,0.7164658825163727,-2.1998960298658634
677,0,530.0,262.0,541.0,262.0,541.0,273.0,530.0,273.0,3.219377543103369,-4.084066935046013e-12,1.5387020276161362e-07,-3.141592397035805
678,0,539.0,262.0,550.0,261.0,551.0,272.0,539.0,273.0,3.0734702594901675,-0.06360814697629429,0.18578242604732662,2.9356587628976087
679,0,538.0,277.0,549.0,276.0,550.0,287.0,538.0,288.0,3.0620226941714783,-0.06701320285249858,0.1915236024663078,2.918369295468088
680,0,537.0,273.0,548.0,272.0,549.0,284.0,538.0,285.0,2.9551131957151027,-0.12475195397751501,-0.306307331717553,-3.036954510256662
681,0,517.0,271.0,529.0,270.0,530.0,282.0,518.0,283.0,2.932765303282622,-0.08314123188837347,-2.6636325954838213e-10,3.1415926531669496
682,0,506.0,263.0,518.0,262.0,519.0,274.0,507.0,275.0,2.9344226795906163,-0.08314123188839175,-1.7547537189178256e-10,3.1415926532004104
683,11,388.0,536.0,399.0,529.0,416.0,530.0,405.0,537.0,1.7887418023326,-0.6830620700982828,0.6631781817509299,-2.266393504527018
683,0,503.0,267.0,515.0,266.0,516.0,278.0,504.0,279.0,2.93177160429493,-0.08314123188849026,1.4475000860349608e-10,-3.141592653254112
684,0,495.0,278.0,506.0,276.0,508.0,288.0,496.0,289.0,3.0342086413437857,-0.12687492256931215,0.05681538204323342,3.115365135015372
685,0,523.0,281.0,535.0,280.0,536.0,292.0,524.0,294.0,2.802979322269067,-0.14499145387280088,-0.21227651146407672,-2.917936494943652
686,0,513.0,265.0,525.0,264.0,526.0,277.0,514.0,278.0,2.7305898368012533,-0.12246709305386339,-0.3118100290057795,-3.0185625872030486
687,11,368.0,557.0,381.0,549.0,401.0,551.0,389.0,559.0,1.535985190789865,-0.20324723218625887,-1.150258256331222,1.7286728897018275
687,0,501.0,259.0,513.0,258.0,514.0,271.0,502.0,272.0,2.734851201903198,-0.1271705963695322,-0.32200128840953535,-3.0037750918675066
688,11,348.0,561.0,361.0,553.0,382.0,555.0,369.0,564.0,1.509426417126814,-0.2262778110010073,-1.1679979622233052,1.7733972564898488
688,0,484.0,255.0,498.0,254.0,499.0,267.0,486.0,268.0,2.5864988625378653,-0.05124063936534595,0.15931440739685174,-2.6726490508059504
689,11,335.0,593.0,349.0,583.0,371.0,585.0,357.0,595.0,1.4510834882855597,-0.7198713552938392,0.5545572354001477,-2.3439242033121634
689,0,467.0,265.0,480.0,263.0,482.0,277.0,468.0,279.0,2.4975399761024497,-0.11325488153534541,0.2676567004757488,3.113142732078783
690,11,330.0,597.0,346.0,586.0,367.0,587.0,352.0,599.0,1.4208201095282083,-0.31915750248094316,-1.112745572602771,1.7712444219959123
690,0,458.0,260.0,472.0,258.0,473.0,272.0,460.0,274.0,2.500581984167372,-0.18360294114478862,-0.2563732847225315,-2.837189915912553
691,0,446.0,253.0,460.0,251.0,462.0,265.0,448.0,267.0,2.502191576772453,-0.14189705460419,-1.655844408304873e-11,-3.14159265344133
692,11,312.0,605.0,327.0,593.0,350.0,594.0,335.0,606.0,1.3905989785410817,-0.7448870119100832,0.48197107177629256,-2.3076515244825098
692,0,440.0,255.0,453.0,253.0,455.0,267.0,442.0,269.0,2.5271830460054,-0.10350647739404262,0.32285959477576154,-3.029753642882636
693,11,306.0,624.0,323.0,612.0,347.0,614.0,331.0,626.0,1.3141543870316146,-0.19041408536547563,-1.1888111341964522,1.6792603897667648
693,0,443.0,264.0,456.0,262.0,459.0,277.0,444.0,279.0,2.3519605513930277,-0.10043403355108514,0.3172823333643371,-3.0510483393152485
694,11,322.0,605.0,339.0,593.0,364.0,595.0,346.0,608.0,1.2663463582595371,-0.26159635510451007,-1.1299119990464066,1.7480547693221131
694,0,467.0,238.0,481.0,236.0,483.0,250.0,468.0,252.0,2.413510630694079,-0.12142602605234565,0.0961304854666334,2.968880455868474
695,11,304.0,599.0,322.0,586.0,346.0,589.0,329.0,602.0,1.2754376855887373,-0.3333442968855782,-1.1446168739026235,1.844129859798976
695,0,455.0,227.0,470.0,225.0,472.0,240.0,457.0,242.0,2.350960305341082,-0.13255153229670244,4.511293675724278e-13,-3.141592653376111
696,11,305.0,616.0,324.0,602.0,349.0,605.0,331.0,619.0,1.2247852637199481,-0.3076346200027339,-1.1389654092389982,1.8020998254810925
696,0,465.0,228.0,480.0,226.0,482.0,241.0,467.0,243.0,2.349840921425558,-0.1325515322973801,3.2206235116599524e-10,-3.1415926495606397
697,11,307.0,621.0,327.0,607.0,353.0,611.0,333.0,626.0,1.1806304654271913,-0.2785292608361159,-1.1072890598401377,1.8015058899309717
697,0,473.0,227.0,489.0,225.0,490.0,241.0,475.0,242.0,2.279305290251885,-0.08520673422484111,0.05369984218478543,-2.7691513164002792
698,11,296.0,649.0,316.0,634.0,344.0,638.0,325.0,653.0,1.1441300308539566,-0.18552552077397158,-1.1888092392957463,1.711969548481853
698,0,470.0,238.0,485.0,237.0,487.0,252.0,472.0,254.0,2.2791402978041657,-0.13856403191546507,-0.23776409196208703,-3.1036373167578493
699,11,299.0,666.0,320.0,650.0,348.0,655.0,329.0,671.0,1.1288483636513635,-0.1782086940556143,-1.1805046013966707,1.7191291474817325
699,0,481.0,247.0,497.0,245.0,499.0,261.0,483.0,262.0,2.18601971744417,-0.06905432891395637,0.1573825774619923,-2.6872306431782396
700,11,296.0,666.0,319.0,649.0,347.0,655.0,323.0,672.0,1.098650804151651,-0.6949284698952466,0.30899596234532173,-2.4113636268366316
700,0,488.0,237.0,504.0,235.0,506.0,251.0,490.0,252.0,2.1909788409173947,-0.0645893853234382,0.17166233154190502,-2.66686925580341
701,11,266.0,701.0,290.0,683.0,320.0,689.0,297.0,708.0,1.071897734157251,-0.14363853927738252,-1.1704708173974543,1.692382693330051
701,0,475.0,249.0,491.0,248.0,493.0,264.0,476.0,265.0,2.124631340645247,-0.0747902144574415,-0.09802548140385427,2.9813609637493284
702,0,481.0,248.0,498.0,245.0,500.0,262.0,484.0,264.0,2.115944643859653,-0.1348719838865875,0.09202668065340537,-2.826689246343971
703,0,478.0,264.0,495.0,263.0,497.0,280.0,480.0,281.0,2.013913668300319,-0.08643595985101896,-0.2174101461269643,3.015037908313364
704,0,502.0,258.0,520.0,256.0,521.0,273.0,504.0,274.0,2.012825236542998,-0.07270577304597323,0.0924108914074081,-2.6471218398563017
705,0,507.0,250.0,525.0,248.0,527.0,266.0,509.0,268.0,1.9556301907858036,-0.11065722117386323,-4.953092641109496e-11,3.1415926534888863
706,0,510.0,247.0,528.0,245.0,529.0,264.0,511.0,265.0,1.922716959552893,-0.0416970385152329,0.2826701147533708,-3.0868785112018067
707,0,511.0,249.0,529.0,248.0,530.0,266.0,512.0,268.0,1.9212035717495273,-0.10461730446202795,-0.15024042478885696,-2.908671130414512
708,0,514.0,252.0,533.0,251.0,534.0,269.0,515.0,270.0,1.8652633255350757,-0.04781411365281008,0.03436716688777086,2.9326382765147487
709,0,514.0,263.0,533.0,262.0,534.0,280.0,515.0,282.0,1.8563019070290234,-0.07936405918460178,0.00305008312692863,-2.761260001187699
710,4,793.0,154.0,803.0,150.0,802.0,185.0,792.0,188.0,1.1827076765012612,2.2990633046933855,1.3524962431773995,-0.8124713854484455
710,0,488.0,240.0,507.0,239.0,508.0,259.0,489.0,260.0,1.7917900640011317,-0.09111311632440551,-0.24207745676396653,-2.9917895399888565
711,0,476.0,252.0,495.0,250.0,497.0,269.0,477.0,271.0,1.7975564892546938,-0.08943587733892275,0.09264502773051832,2.992095640181791
712,4,773.0,157.0,785.0,152.0,785.0,189.0,774.0,192.0,1.1167709637036602,2.126621163053167,1.3934421694836223,-0.9465071254717046
712,0,458.0,249.0,478.0,248.0,479.0,268.0,459.0,270.0,1.725157444885544,-0.10732267122965744,-0.21791625779653667,-2.863759508579379
713,4,775.0,144.0,787.0,140.0,788.0,179.0,776.0,182.0,1.053818827982463,2.0683968241102564,1.3596156022744756,-0.9801139292191113
713,0,451.0,248.0,472.0,246.0,473.0,267.0,453.0,269.0,1.682303574770088,-0.1295344381732445,-0.2085540645273553,-2.8434515729292436
714,0,451.0,240.0,473.0,238.0,474.0,258.0,453.0,261.0,1.626011600141542,-0.13592440966239702,-0.12115877511745715,-2.6056294462142326
715,0,465.0,220.0,487.0,218.0,488.0,240.0,466.0,241.0,1.6106700949257844,-0.053880832665924805,0.08141567614066193,3.03359778108366
716,0,491.0,212.0,514.0,210.0,515.0,234.0,492.0,235.0,1.5344797175857223,-0.028783664420644044,0.1908092767256882,-3.055993911820687
717,4,915.0,84.0,935.0,75.0,935.0,126.0,913.0,132.0,0.9169434349014436,2.288724848934568,1.3097613182066967,-0.7740000924984562
717,0,499.0,209.0,523.0,207.0,524.0,231.0,500.0,232.0,1.4875297660093265,-0.0448964149523829,0.09406740499368911,3.056387381746642
718,0,501.0,231.0,525.0,230.0,526.0,254.0,502.0,255.0,1.4790983292696473,-0.04164257909859244,9.10976272191797e-12,-3.1415926535621517
719,0,495.0,224.0,521.0,223.0,522.0,248.0,496.0,250.0,1.3674327114188696,-0.05790924560231989,0.00388441581477645,-2.7119821674284545
720,0,495.0,224.0,521.0,223.0,522.0,248.0,496.0,250.0,1.3674327114188696,-0.05790924560231989,0.00388441581477645,-2.7119821674284545
721,0,493.0,224.0,520.0,222.0,521.0,248.0,495.0,250.0,1.3384250429495217,-0.07260817474313362,0.01661116711477162,-2.7030300061210375
722,0,492.0,240.0,519.0,238.0,521.0,265.0,494.0,267.0,1.3088252685619985,-0.07393903765849812,-4.861669770234131e-10,3.1415926521209396
723,0,526.0,232.0,554.0,230.0,555.0,258.0,527.0,260.0,1.2661899720834333,-0.03843379988230039,0.20336802085287747,3.120018100095454
724,0,532.0,232.0,561.0,230.0,563.0,259.0,534.0,261.0,1.2255496474067527,-0.06885648930104772,5.318317087035751e-12,-3.141592653581999
725,0,540.0,230.0,570.0,228.0,572.0,257.0,542.0,259.0,1.192307338397294,-0.05931821040118187,0.04555389145586499,3.0134848164995476
726,0,555.0,230.0,586.0,228.0,587.0,259.0,556.0,261.0,1.1584955615932622,-0.030490779478874044,0.2103669029828758,-3.111891456025222
727,0,544.0,232.0,577.0,229.0,579.0,261.0,546.0,264.0,1.0857547510618588,-0.06643475120350983,0.15720416869999285,3.0251222120079504
728,0,508.0,241.0,541.0,240.0,543.0,272.0,509.0,274.0,1.0576762423277726,-0.04039458605895765,0.02124840153959001,3.000977530254664
729,0,482.0,233.0,517.0,231.0,519.0,265.0,484.0,267.0,1.011954462398424,-0.055309737131916635,0.011333799298309775,3.0158133046351883
730,0,454.0,247.0,490.0,244.0,492.0,279.0,456.0,282.0,0.9748976954975517,-0.07089020210807138,0.08626862062869717,2.9890214396621673
731,0,450.0,254.0,486.0,251.0,489.0,287.0,453.0,290.0,0.9768591811930774,-0.08314123188830139,-1.3268978067825873e-12,-3.1415926534935292
732,0,454.0,254.0,492.0,252.0,495.0,289.0,457.0,292.0,0.9240883199040111,-0.07435582296382837,-0.07763354030048626,3.0582548340669278
733,0,432.0,253.0,471.0,251.0,474.0,289.0,435.0,292.0,0.9026486651061377,-0.07446731943606968,-0.09032804565588323,3.0680714965948375
734,0,445.0,242.0,485.0,239.0,488.0,278.0,448.0,281.0,0.8819566880139094,-0.07644149816668616,-0.010767371124518331,3.0229080175537772
735,0,453.0,240.0,494.0,238.0,497.0,280.0,455.0,282.0,0.8443355738772585,-0.062406102809868455,-0.10566191546148503,-3.12234738141386
736,0,453.0,240.0,494.0,238.0,497.0,280.0,455.0,282.0,0.8443355738772585,-0.062406102809868455,-0.10566191546148503,-3.12234738141386
737,0,426.0,245.0,471.0,243.0,473.0,286.0,429.0,289.0,0.7936618308201858,-0.06510059427442937,-0.05785172087956782,-2.7581190714317545
738,0,391.0,216.0,436.0,214.0,440.0,258.0,394.0,261.0,0.7842369506126272,-0.07567811619326795,-0.11962119194165197,3.0532107230664685
739,0,360.0,230.0,407.0,228.0,408.0,274.0,361.0,276.0,0.75791607232105,-0.039189225950825544,0.019349302603804925,3.0296926666997672
740,0,299.0,228.0,350.0,224.0,355.0,272.0,304.0,277.0,0.7209794076417086,-0.11138953887745273,-0.13623310860372148,3.017267327107127
741,0,286.0,204.0,340.0,199.0,345.0,251.0,292.0,255.0,0.6951023363333453,-0.11038555018715417,-0.12149663844074271,3.086605433103186
742,0,275.0,194.0,330.0,191.0,335.0,244.0,280.0,248.0,0.6822833654777497,-0.09472572153536393,-0.145313450159613,3.129261382032506
743,0,270.0,194.0,328.0,191.0,331.0,247.0,274.0,251.0,0.6451642789948452,-0.15403033731153434,-0.414118202631203,-2.668514672588818
744,0,265.0,220.0,323.0,216.0,330.0,273.0,272.0,278.0,0.6436248718450033,-0.1057887853782855,-0.14366723014476154,-3.0002215807294697
745,0,228.0,206.0,291.0,203.0,295.0,262.0,233.0,265.0,0.6178205269109409,-0.08348129197060278,-0.17948944900517552,3.0759181517695313
746,0,192.0,195.0,258.0,194.0,262.0,255.0,196.0,258.0,0.6017001371143907,-0.07207238828082234,-0.2077281373787402,3.0923514263276566
747,0,167.0,190.0,234.0,188.0,239.0,253.0,171.0,255.0,0.5911332694666654,-0.059974519947029827,-0.13536024730930735,-3.1115003555258514
748,0,140.0,188.0,212.0,187.0,217.0,255.0,146.0,257.0,0.5728796408262796,-0.05693371816826965,-0.1733423154517334,-3.0422345669453636
749,0,139.0,182.0,212.0,180.0,218.0,247.0,146.0,250.0,0.5742096696577154,-0.09271463503909347,-0.25598825607354087,-3.118890967034255
750,0,61.0,158.0,143.0,157.0,147.0,231.0,67.0,233.0,0.5432436412462104,-0.06655410329148433,-0.19739241767259563,-3.136316484178083
757,7,825.0,313.0,820.0,262.0,876.0,255.0,882.0,307.0,0.7676841531506068,-1.66892705298416,-0.017230119594551098,2.9060189237062453
758,7,711.0,269.0,708.0,217.0,762.0,211.0,764.0,263.0,0.7306021458291319,-1.691578645849043,0.19310118928184766,3.00853024088091
759,7,692.0,266.0,689.0,215.0,742.0,209.0,745.0,261.0,0.7340143975077329,-1.6692569347163986,0.11327747072270831,2.9716010643988033
760,7,619.0,243.0,619.0,193.0,672.0,188.0,672.0,240.0,0.706718661454226,-1.5538590706568938,-0.06868819912553806,2.7926516521080695
761,7,572.0,270.0,570.0,220.0,621.0,215.0,622.0,266.0,0.7209346902438019,-1.6605360814732517,0.2640186351556358,3.021103469455885
762,7,512.0,271.0,509.0,222.0,558.0,217.0,562.0,267.0,0.7169504843092788,-1.6390018315704182,-0.009041855306836348,2.998073156343174
763,7,396.0,253.0,392.0,203.0,442.0,199.0,445.0,249.0,0.7160346543204691,-1.6129921442310524,0.370258094897967,-2.9324522005329667
764,7,349.0,267.0,346.0,216.0,396.0,213.0,399.0,263.0,0.7105620271554167,-1.6314901432320825,-0.0021843770446729736,3.0974786075813427
765,7,320.0,276.0,315.0,225.0,367.0,221.0,371.0,271.0,0.7041365764755639,-1.5857138688707217,0.38922325588530626,-2.819523087193746
766,7,319.0,279.0,313.0,227.0,365.0,223.0,369.0,274.0,0.7029089013273842,-1.6125769297187549,0.2891502679951553,-2.76309682786944
767,7,333.0,280.0,328.0,227.0,380.0,223.0,385.0,275.0,0.6884179589685964,-1.6573313421701779,0.05613256259233064,-3.134211807808827
768,7,361.0,281.0,356.0,228.0,410.0,224.0,415.0,277.0,0.6648308585515528,-1.6698046190168636,-0.04739705452417789,-3.0264665921859915
769,7,398.0,279.0,392.0,225.0,446.0,220.0,451.0,274.0,0.6628235978382403,-1.6580520906895344,0.22668950094340573,-3.0659215647329527
770,7,452.0,284.0,448.0,228.0,503.0,224.0,507.0,280.0,0.6386284350944262,-1.6443835640941067,0.11741044940879306,-3.069591520381659
771,7,472.0,262.0,469.0,204.0,526.0,200.0,529.0,258.0,0.6201260851787804,-1.6256455365226623,0.0675799640685385,3.01534593841129
772,7,501.0,274.0,498.0,213.0,556.0,209.0,559.0,270.0,0.5911678217625538,-1.6351424456798187,0.18039927672770403,-2.95122906633573
773,7,509.0,279.0,506.0,216.0,566.0,213.0,569.0,275.0,0.5755530504419213,-1.6318349795958471,0.13403341269694044,-2.9791994421469643
774,7,516.0,279.0,513.0,215.0,575.0,211.0,578.0,274.0,0.5664745615682109,-1.6388218430583308,0.18581797183936935,-3.05398523195339
775,7,528.0,260.0,528.0,188.0,593.0,186.0,592.0,257.0,0.5113521910923685,-1.5921679646140217,0.2432719459701077,-2.838821466404661
776,7,548.0,284.0,544.0,215.0,610.0,210.0,613.0,278.0,0.5275761405285184,-1.6494841044003978,0.18216519258260902,-2.9990436417810886
777,7,547.0,258.0,543.0,188.0,611.0,182.0,614.0,252.0,0.5232578697021468,-1.6556665037064733,0.2228805971445297,-3.061575019063581
778,7,533.0,262.0,528.0,185.0,599.0,179.0,603.0,255.0,0.47785731382467983,-1.6577445057209264,0.2046857153212333,-2.9092270105248983
779,7,540.0,266.0,535.0,187.0,608.0,182.0,612.0,258.0,0.4705176497014641,-1.65738058822885,0.1909636778186204,-2.941172098426399
780,7,568.0,284.0,563.0,201.0,640.0,196.0,642.0,278.0,0.4426282194701189,-1.642761182767215,0.16641458758512187,-2.909313867949804
781,7,639.0,319.0,636.0,229.0,719.0,223.0,721.0,311.0,0.41393066944588414,-1.6451935108236262,0.15851128165119413,-2.966681084717363
782,7,638.0,325.0,637.0,232.0,722.0,229.0,722.0,319.0,0.4025747748381716,-1.6168177551899692,0.13997045406656042,-2.954190200897269
783,7,644.0,334.0,642.0,240.0,728.0,235.0,728.0,327.0,0.39582851629556887,-1.627490949965385,0.15542857701902038,-2.938129985356212
784,7,641.0,327.0,640.0,232.0,725.0,227.0,726.0,320.0,0.39243394082488015,-1.6276343429402773,0.15445196169439124,-2.920679532068302
785,7,640.0,316.0,639.0,218.0,726.0,213.0,726.0,309.0,0.3820929086501102,-1.6262976635789925,0.17045360040795676,-2.901210434834128
786,7,671.0,314.0,669.0,213.0,759.0,208.0,758.0,306.0,0.37737291383363863,-1.6326644702821116,0.16953620854646778,-2.9156051077228535
787,7,688.0,297.0,688.0,195.0,779.0,190.0,777.0,290.0,0.3778160337573308,-1.6282970314611183,0.1851580892613837,-2.936154189844471
788,7,710.0,290.0,710.0,182.0,805.0,177.0,802.0,282.0,0.363771777392014,-1.6322922985401978,0.19086150860188808,-2.9282779786527016
789,7,683.0,302.0,682.0,192.0,778.0,186.0,777.0,292.0,0.3522531633134523,-1.6409976962507624,0.19353493152871373,-2.9122881778549385
790,7,668.0,333.0,669.0,219.0,767.0,215.0,763.0,325.0,0.3342800154061564,-1.6102571350049613,0.18320707806777436,-2.8626115717361067
791,7,687.0,335.0,690.0,218.0,789.0,214.0,785.0,326.0,0.3296295349185631,-1.6107621012821878,0.18995814873323025,-2.8704350508102823
792,7,715.0,335.0,717.0,214.0,819.0,210.0,815.0,326.0,0.32351344091871076,-1.6157258217347519,0.1711781968289468,-2.8781135170291448
793,7,719.0,331.0,722.0,210.0,825.0,206.0,820.0,323.0,0.3235461186771454,-1.6112490150948335,0.1776874004431018,-2.8898749779143356
794,7,738.0,332.0,740.0,206.0,848.0,201.0,843.0,323.0,0.3140190796832227,-1.6200699639662128,0.17391175458432417,-2.9049216299361844
795,7,738.0,332.0,741.0,205.0,848.0,201.0,843.0,323.0,0.3128141285717529,-1.6154754476946613,0.17175449502947268,-2.892668634920925
796,7,755.0,338.0,758.0,207.0,871.0,202.0,865.0,328.0,0.3056119549964172,-1.6203226219767686,0.17805198686047347,-2.92437740725039
797,7,787.0,323.0,793.0,182.0,915.0,178.0,905.0,314.0,0.292014632592683,-1.6127950328715712,0.1901145053847618,-2.9436333504031795
835,8,540.0,23.0,638.0,18.0,628.0,128.0,528.0,127.0,0.3729872301155345,0.14632111480073937,0.3921523710281819,-2.9939189982944705
836,8,491.0,19.0,591.0,13.0,583.0,122.0,483.0,124.0,0.3670828585069152,0.10121842070521594,0.3288732650129186,-3.0445422344269755
837,8,400.0,22.0,494.0,17.0,490.0,126.0,396.0,126.0,0.37507804504577813,0.10450843447503778,0.31039649244141326,-2.963928235233518
838,8,294.0,43.0,387.0,43.0,382.0,150.0,289.0,146.0,0.3767043769749457,0.10932457192382794,0.23350231906188257,-3.0059785012052043
839,8,269.0,31.0,363.0,31.0,359.0,138.0,266.0,135.0,0.38106957250411083,0.09810854049958946,0.20754680396190264,-2.998960964376004
840,8,261.0,29.0,355.0,28.0,353.0,135.0,258.0,133.0,0.3812504463194687,0.0797678751432534,0.18865240646573822,-3.0174410434745234
840,1,846.0,179.0,864.0,180.0,861.0,195.0,844.0,194.0,2.58415906865171,0.209482321085033,0.500368802067763,-2.4465268370447406
841,8,246.0,27.0,343.0,29.0,338.0,139.0,243.0,135.0,0.37235123834831674,0.10958955608917516,0.19793198989368305,-2.9879451601997826
855,1,416.0,89.0,430.0,89.0,430.0,103.0,416.0,103.0,2.6796304657556784,4.166119312382397e-13,6.460509016898873e-08,3.141592354376729
936,9,405.0,19.0,461.0,16.0,468.0,78.0,412.0,81.0,0.6630524671416316,-0.17047749763536116,-0.2539900117722508,-2.9029658307394666
937,9,388.0,53.0,447.0,51.0,453.0,112.0,393.0,115.0,0.6319906370663293,-0.09793985575128518,-0.1404807329871677,-3.051546159369058
938,9,393.0,30.0,455.0,29.0,458.0,92.0,396.0,93.0,0.6164110313143697,-0.04791392676677268,-0.07312077852514397,-3.0956386087576098
939,9,404.0,20.0,468.0,19.0,471.0,84.0,408.0,85.0,0.6032152134408035,-0.056709468900169195,-0.09135419169279711,-3.0784392314026303
940,9,389.0,51.0,452.0,52.0,455.0,119.0,392.0,120.0,0.5913354467604701,-0.08956126715575213,-0.2297223468910483,-2.8831925231406665
941,9,379.0,65.0,444.0,64.0,448.0,131.0,384.0,134.0,0.5813284505499768,-0.08536539513934542,-0.14927664037100888,-2.930155537360452
942,9,368.0,91.0,435.0,89.0,439.0,156.0,374.0,160.0,0.5651687714166538,-0.07943263842795635,-0.10667869673267905,-2.991008597356432
943,9,377.0,97.0,446.0,94.0,451.0,163.0,384.0,167.0,0.5446905852835375,-0.0921755976818909,-0.12207758827813738,-3.0364932099313418
944,9,396.0,60.0,468.0,58.0,474.0,131.0,404.0,135.0,0.5222990182106184,-0.11308636371339618,-0.18497603447652017,-3.0231661565797174
945,9,410.0,82.0,484.0,79.0,488.0,158.0,414.0,162.0,0.4927414812072031,-0.10501856657409278,-0.17897860743446511,-2.8232627528182435
946,9,402.0,125.0,478.0,125.0,481.0,205.0,405.0,206.0,0.4681641782870347,-0.07534330369406975,-0.2451155922357789,-2.9580037118010036
947,9,416.0,178.0,495.0,177.0,497.0,259.0,420.0,261.0,0.44222967903157195,-0.07842467792638223,-0.27839980995992875,-2.971117614465632
948,9,434.0,170.0,516.0,168.0,519.0,251.0,438.0,255.0,0.4341270144340887,-0.06634875005800901,-0.1450394560685296,-2.986536647330551
949,9,419.0,157.0,504.0,154.0,507.0,240.0,424.0,245.0,0.4227948168393226,-0.08372979922352283,-0.1597116618475996,-2.894887644359616
950,9,370.0,92.0,463.0,88.0,470.0,183.0,378.0,191.0,0.39626940533307736,-0.10988253413145471,-0.16260140702773396,-2.8991693042195
951,9,332.0,100.0,428.0,96.0,436.0,193.0,341.0,202.0,0.3852959715492888,-0.14021880729177447,-0.24977206553459214,-2.8090103567544538
952,9,240.0,68.0,347.0,64.0,359.0,168.0,254.0,179.0,0.3653884371840321,-0.11921657879267822,-0.1513355028188569,-3.02035545169383
953,9,147.0,61.0,266.0,55.0,281.0,172.0,165.0,186.0,0.3376616786347411,-0.10250629494513779,-0.05833120196075427,-3.0039583877992526
954,9,45.0,124.0,178.0,115.0,195.0,235.0,67.0,255.0,0.32170631016781615,-0.37587378041611585,-0.7117359615334018,-2.4826408552658954
974,8,406.0,105.0,427.0,103.0,428.0,122.0,409.0,125.0,1.839250357349125,-0.16952487557721904,-0.12319129639784146,-2.3662783021913976
976,8,354.0,160.0,374.0,157.0,376.0,176.0,356.0,179.0,1.8047094771760943,-0.13513761160654755,0.046369138667959275,2.976034709924051
978,8,298.0,201.0,319.0,200.0,322.0,218.0,302.0,222.0,1.8199035327131095,-0.17776921945395188,-0.2416883402239302,3.0756606387758647
980,8,222.0,292.0,244.0,288.0,246.0,308.0,225.0,312.0,1.7308069662876264,-0.27820221417058344,-0.5633263752900007,-2.5773450616650218
981,8,176.0,336.0,199.0,333.0,201.0,353.0,180.0,357.0,1.7931507780237421,-0.21900628317542012,-0.5957595634161698,-2.8153622541666046
982,8,163.0,378.0,187.0,374.0,189.0,394.0,167.0,398.0,1.770541919468174,-0.19363051853898736,-0.5060271432227531,-2.7376201214487934
983,8,137.0,387.0,162.0,384.0,165.0,403.0,142.0,408.0,1.7544102038330491,-0.17793580723035218,-0.40281242591557215,-2.7160628354869645
984,8,134.0,375.0,157.0,371.0,162.0,392.0,138.0,396.0,1.7855273931092077,-0.19693644577499886,-0.5491295130769474,3.0251778214871514
985,8,136.0,356.0,160.0,352.0,164.0,373.0,141.0,377.0,1.784449106531932,-0.19710741973003534,-0.37980622473425063,-2.8935195399668574
986,8,131.0,337.0,155.0,334.0,159.0,356.0,136.0,360.0,1.6981834790733843,-0.23680015356294534,-0.7781802763553973,-3.0345683431876718
987,8,134.0,369.0,159.0,365.0,164.0,385.0,140.0,391.0,1.779368790405598,-0.24639264182275145,-0.46467068718622134,3.114852750895909
988,8,160.0,394.0,184.0,388.0,190.0,410.0,166.0,415.0,1.6792550773079837,-0.23495007044286037,-0.26972367352374504,-2.8970842519296722
989,8,190.0,345.0,214.0,340.0,219.0,362.0,195.0,367.0,1.6383033823115387,-0.2323171964245774,-0.2901496158364623,3.0284352303552335
990,8,189.0,361.0,213.0,356.0,218.0,379.0,194.0,384.0,1.5987715860951612,-0.2139490377331096,-0.12725356898688434,-3.141300363230884
991,8,186.0,402.0,211.0,397.0,215.0,420.0,191.0,425.0,1.608070599617006,-0.20806077406259896,-0.5419392328976786,-3.047513462112977
992,8,162.0,422.0,189.0,415.0,193.0,437.0,168.0,445.0,1.5261517040276273,-0.2972488541403987,-0.5723904987600066,-2.700965288926097
993,8,178.0,420.0,205.0,415.0,210.0,436.0,184.0,442.0,1.5143943284274852,-0.20102265073496992,-0.3094573362738911,-2.6685830997278526
994,8,186.0,431.0,212.0,426.0,217.0,449.0,192.0,455.0,1.549186113712483,-0.19497701636902148,-0.5648166845015112,2.9558691114444744
995,8,200.0,440.0,227.0,433.0,232.0,455.0,207.0,463.0,1.4940470923793567,-0.2747144895207619,-0.4117150695464382,-2.763181889003355
996,8,203.0,444.0,229.0,437.0,235.0,460.0,209.0,468.0,1.4920321460679578,-0.2700996443993623,-0.4502019337637678,-2.889088776348584
997,8,235.0,441.0,260.0,435.0,266.0,459.0,240.0,465.0,1.4943041547037803,-0.21023164082879162,-0.4002030960176328,2.933279221852878
998,8,236.0,445.0,262.0,439.0,267.0,463.0,241.0,470.0,1.4565415750022181,-0.2199923796652103,-0.459432590248958,-2.9980295811456954
999,8,241.0,429.0,268.0,422.0,273.0,447.0,248.0,453.0,1.4465403632082745,-0.23411425388923085,-0.2666938731706262,-2.9959734406132097
1001,8,274.0,402.0,302.0,395.0,307.0,419.0,281.0,425.0,1.3558466433952439,-0.2342084754830904,-0.23786735651557292,-2.70550225177937
1002,8,270.0,356.0,297.0,350.0,303.0,375.0,277.0,382.0,1.3723887058326718,-0.26446386296463936,-0.355183994371368,-2.963176170479124
1003,8,232.0,342.0,263.0,336.0,268.0,361.0,238.0,367.0,1.2437476743348816,-0.21841169897397,-0.310275667568014,-2.529934917837733
1004,8,205.0,375.0,235.0,368.0,241.0,393.0,212.0,401.0,1.3021807596272292,-0.2731228921935192,-0.39384863122813424,-2.6702664860545466
1005,8,206.0,380.0,236.0,373.0,243.0,398.0,215.0,407.0,1.3156344790864118,-0.2906141805434619,-0.33129120331243184,-2.787697213067953
1006,8,201.0,355.0,231.0,349.0,238.0,375.0,209.0,383.0,1.3089730642635486,-0.2649372277188079,-0.41464785140335003,3.028892696914038
1007,8,178.0,342.0,210.0,335.0,216.0,362.0,186.0,370.0,1.2633816484503793,-0.28946961966109946,-0.4492566104550781,-2.6874008965223415
1008,8,166.0,322.0,198.0,316.0,204.0,344.0,174.0,352.0,1.2606296253746136,-0.3090001448708231,-0.5762363194812098,-2.7990316239894257
1009,8,170.0,335.0,204.0,328.0,210.0,357.0,178.0,364.0,1.2061860894186969,-0.25549554219297516,-0.41324460953897124,-2.687649315739084
1010,8,165.0,341.0,198.0,333.0,206.0,362.0,174.0,371.0,1.2120759145720161,-0.31685356058457653,-0.4719423462874225,-2.7772825538775607
1011,8,134.0,338.0,170.0,330.0,177.0,360.0,144.0,369.0,1.1796100456050627,-0.3118424318426572,-0.49798251454117143,-2.7107347403719357
1012,8,126.0,372.0,162.0,363.0,170.0,395.0,136.0,405.0,1.1413539643357535,-0.3406918091607186,-0.67738287776925,-2.8754949041241544
1013,8,117.0,349.0,153.0,340.0,162.0,371.0,127.0,381.0,1.1612463191973916,-0.33730383475098435,-0.5398914899962388,-2.766562828327221
1014,8,125.0,344.0,161.0,336.0,170.0,369.0,134.0,378.0,1.1212755740716487,-0.3188270749314218,-0.657686362276059,-2.9201494123389646
1015,8,144.0,340.0,180.0,332.0,189.0,366.0,152.0,374.0,1.0961169074345687,-0.2397284975205147,-0.20598313096296111,-3.1261202399190484
1016,8,149.0,346.0,188.0,337.0,197.0,371.0,159.0,381.0,1.0433283888360108,-0.29662628757511755,-0.4693321046747046,-2.7818345462692893
1017,8,144.0,334.0,183.0,326.0,192.0,362.0,154.0,371.0,1.0223660322901815,-0.30483388266910105,-0.6568176547233593,-2.957610680728936
1018,8,80.0,364.0,121.0,354.0,132.0,391.0,90.0,403.0,1.0018795121633368,-0.28320186147333026,-0.20510443498093806,3.0946987407264093
1019,8,48.0,372.0,92.0,361.0,103.0,399.0,59.0,411.0,1.0013383635876654,-0.29168337074994083,-0.3156795345930371,3.0830382577637434
1020,8,32.0,346.0,78.0,335.0,89.0,375.0,45.0,386.0,0.9835911918227169,-0.27578946408009103,-0.2639924128934505,-3.0807569391106453
1021,8,30.0,328.0,76.0,316.0,89.0,357.0,42.0,368.0,0.9616085658076017,-0.29865208646425745,-0.3088475220113511,3.1352959682206656
1022,8,63.0,289.0,110.0,279.0,121.0,321.0,74.0,330.0,0.9304530038680572,-0.26017104162173704,-0.3066230194625514,3.128815944851438
1023,8,67.0,278.0,115.0,268.0,127.0,310.0,80.0,321.0,0.9089639837574156,-0.3646841426882784,-0.6120482722982183,-2.6994429532138264
1024,8,82.0,244.0,130.0,234.0,143.0,278.0,94.0,289.0,0.8659399543988047,-0.2695886504428857,-0.21874709178590093,-3.1279370195693312
1025,8,110.0,239.0,160.0,229.0,169.0,275.0,122.0,286.0,0.815991708803092,-0.42413976023975153,-0.7016792589522531,-2.5441940104059353
1026,8,76.0,228.0,127.0,217.0,139.0,266.0,89.0,276.0,0.8102019069927598,-0.23092056679353745,-0.09786997364327515,-3.0840563582561296
1027,8,85.0,199.0,137.0,189.0,151.0,237.0,99.0,248.0,0.8101052638922873,-0.2648139491266149,-0.2134819072280601,-3.068971110452248
1028,8,101.0,178.0,154.0,168.0,167.0,219.0,115.0,228.0,0.7882709987138673,-0.2262799033055386,-0.14788110742737698,-3.0120806099796207
1029,8,116.0,161.0,169.0,152.0,183.0,202.0,129.0,212.0,0.7767438392650193,-0.24925021549951262,-0.21378201846601877,-3.0771588107350234
1030,8,176.0,108.0,233.0,104.0,242.0,157.0,187.0,163.0,0.734110326812547,-0.22978599153070484,-0.37297240342922205,-2.5075034714975826
1031,8,217.0,107.0,274.0,99.0,285.0,155.0,228.0,162.0,0.6911073142584094,-0.19006348545482724,-0.15527183703342531,-3.102052591717319
1032,8,216.0,94.0,274.0,86.0,284.0,145.0,227.0,153.0,0.6720778368097556,-0.1477277888401476,-0.025365624531774107,-3.0214047544415177
1033,8,196.0,106.0,255.0,99.0,264.0,159.0,205.0,166.0,0.6578156121042813,-0.12531955639711154,-0.0189001586458286,-3.0605193873055176
1034,8,168.0,84.0,231.0,74.0,244.0,137.0,182.0,146.0,0.6429623407024464,-0.18908563918616542,-0.09080728595580742,-3.0356207000641127
1034,1,462.0,108.0,474.0,106.0,476.0,119.0,464.0,121.0,2.989618932480982,-0.21957851204770937,-0.15449841494247243,-2.8054531867616137
1035,8,175.0,32.0,243.0,25.0,254.0,92.0,188.0,100.0,0.613332066189602,-0.155859673264437,-0.09736781497166802,-3.03636633131798
1035,1,488.0,93.0,501.0,92.0,503.0,105.0,490.0,107.0,2.802271193520582,-0.16357737302452713,-0.13411574711264132,-3.066996375364955
1036,8,178.0,24.0,247.0,16.0,260.0,84.0,193.0,93.0,0.6067156304912105,-0.1843833665362572,-0.12609490616971325,-3.02162894688597
1037,8,204.0,39.0,273.0,32.0,282.0,103.0,213.0,110.0,0.5726345137918123,-0.10338982839026893,-0.0044816133342728435,-3.0615800507221045
1038,8,188.0,27.0,260.0,19.0,271.0,90.0,199.0,99.0,0.5620936023798486,-0.14628701617688733,-0.06167600444950713,-3.1125160343474887
1039,8,144.0,14.0,222.0,5.0,232.0,84.0,156.0,91.0,0.5356222260178441,-0.1179072004936207,-0.02874523705848272,-3.0739316284837486
1043,1,469.0,143.0,482.0,142.0,483.0,156.0,470.0,157.0,2.719115285717687,-0.14366551658755936,-0.21929430310608372,-2.840254238217288
1055,1,717.0,71.0,736.0,70.0,737.0,88.0,717.0,90.0,2.115561575432309,-0.02100370319745025,0.14584491065269692,3.108337021830741
1056,10,15.0,125.0,31.0,126.0,34.0,151.0,19.0,151.0,1.7752397543138176,-1.5233082991895246,-1.2831059739499886,-1.5757927833527947
1056,1,767.0,67.0,787.0,65.0,787.0,84.0,767.0,86.0,2.177665207257952,-0.009099323213947361,0.24437544005589606,-3.088769421846108
1057,10,18.0,120.0,34.0,122.0,37.0,146.0,21.0,144.0,1.8856162366974,0.21215634023351665,0.34801800419849,-2.785224499697932
1058,10,34.0,125.0,51.0,126.0,55.0,150.0,39.0,149.0,1.8634839541759116,0.16085709145240215,0.3429601515787708,-2.7561320662365874
1058,1,801.0,38.0,821.0,35.0,822.0,55.0,802.0,58.0,2.18418408907653,-0.10242061531100283,0.12375908805125346,-3.0004207694147706
1060,10,116.0,105.0,131.0,106.0,135.0,131.0,120.0,130.0,1.7357491704844263,0.22765258110403921,0.47554235756000784,-2.710872709083533
1061,10,134.0,114.0,151.0,116.0,155.0,140.0,139.0,139.0,1.730642858542603,-0.764221812027297,-1.206190066391406,-2.426692803747778
1062,10,157.0,131.0,174.0,132.0,178.0,157.0,162.0,156.0,1.6576952338197026,0.19774208671535418,0.45195037162514834,-2.6873596232669006
1063,10,162.0,106.0,179.0,107.0,183.0,132.0,166.0,131.0,1.690849863381897,0.20052711027681386,0.4180793585784519,-2.6910747599609177
1065,10,47.0,80.0,66.0,82.0,71.0,109.0,52.0,108.0,1.6672789211581376,-1.0440176958175886,-1.2194126889207912,-2.0844417216049997
1066,10,49.0,32.0,69.0,34.0,74.0,63.0,55.0,62.0,1.6186395735798476,-1.1141323204658091,-1.1648067964507962,-1.9822573202294498
